Category,Task
"YouTube Channel Strategy","Audience research"
"YouTube Channel Strategy","Competitor analysis"
"YouTube Channel Strategy","Content calendar development"
"YouTube Channel Strategy","Channel branding"
"YouTube Channel Strategy","Format diversification"
"YouTube Channel Strategy","Growth roadmapping"
"YouTube Channel Strategy","Performance benchmarking"
"Content Production & Optimization","Title & thumbnail optimization"
"Content Production & Optimization","Keyword research"
"Content Production & Optimization","Script development"
"Content Production & Optimization","Description optimization"
"Content Production & Optimization","Tag strategy"
"Content Production & Optimization","End screen & card optimization"
"Subscriber Growth","Community engagement tactics"
"Subscriber Growth","Comment strategy"
"Subscriber Growth","Collaboration opportunities"
"Subscriber Growth","Cross-platform promotion"
"Subscriber Growth","Subscriber retention techniques"
"YouTube SEO","Video ranking optimization"
"YouTube SEO","Suggested video strategy"
"YouTube SEO","Browse features optimization"
"YouTube SEO","Trend capitalization"
"YouTube SEO","Video library organization"
"Monetization Strategy","Ad revenue optimization"
"Monetization Strategy","Sponsorship acquisition"
"Monetization Strategy","Merchandise integration"
"Monetization Strategy","Channel membership strategy"
"Monetization Strategy","Super Chat & Super Thanks setup"
"Analytics & Performance","Custom performance dashboards"
"Analytics & Performance","Watch time optimization"
"Analytics & Performance","Audience retention analysis"
"Analytics & Performance","A/B testing framework"
"Analytics & Performance","ROI reporting"
"Platform Integration","TikTok cross-promotion"
"Platform Integration","Instagram content adaptation"
"Platform Integration","Website integration"
"Platform Integration","Email list building"
"Platform Integration","E-commerce connection"
